Source Title,Format,Publisher / Author,Source URL,Published Date,Topics,Platform Relevance,Evidence Strength,Currentness,Access Type,Status,Summary,Why It Matters,Mechanism / Principle
UtahLister Homepage Research Brief,internal memo,UtahLister,https://example.local/docs/17-homepage-research-brief,,homepage; trust; CTA; first impression,Website; Intake; Brand,high,current,owned,cited,Internal synthesis of the current homepage and conversion research used to guide UtahLister's next landing-page version,Acts as the internal interpretation layer between outside sources and site decisions,Translate multiple sources into explicit UtahLister page decisions
The Age of Online Trust,report,Queue-it,https://queue-it.com/media/4cldtzgd/the-age-of-online-trust.pdf,2025-05-01,"trust; transparency; reliability; conversion","Website; Intake; Brand",medium,current,free,cited,2025 survey showing trust and reliability strongly influence consumer behavior and willingness to spend,Supports a trust-first homepage and calm reliable digital experience,Trust and reliability increase conversion and willingness to buy
Effects of Verbatim Repetition of the Headline Message on the Proceed Button on Click-Through Rates in Online Retail,research paper,"Florian Kutzner, Florian K G Ermark, Julian Fornoff, Michaela Wanke",https://pmc.ncbi.nlm.nih.gov/articles/PMC11375797/,2024-08-22,"CTA; messaging; click-through; landing pages",Website; Intake,high,current,free,cited,Field experiment showing matching the button wording to the headline message improved click-through more than gist repetition or introducing a new message,Supports message-matched CTA copy on UtahLister's homepage,Reduce cognitive friction by keeping the CTA aligned with the main promise
The Role of Visual Complexity and Prototypicality Regarding First Impression of Websites,research paper,"Alexandre N. Tuch et al.",https://uxgu.ru/ext/static.googleusercontent.com/media/research.google.com/en/us/pubs/archive/38315.pdf,2012-08-17,"visual complexity; first impressions; design",Website; Brand,high,durable,free,cited,Research showing low visual complexity and high prototypicality produce better first impressions,Supports cleaner familiar service-page layouts instead of unusual or abstract compositions,Users prefer familiar low-complexity layouts during the first impression window
Predicting Users' First Impressions of Website Aesthetics With a Quantification of Perceived Visual Complexity and Colorfulness,research paper,"Katharina Reinecke et al.",https://kgajos.seas.harvard.edu/papers/reinecke13aesthetics.pdf,2013-04-27,"aesthetics; first impressions; color; complexity",Website; Brand,high,durable,free,cited,Research showing visual complexity is a stronger driver of initial appeal than colorfulness alone,Supports a restrained palette with strong structure instead of high-noise decoration,Complexity hurts first impressions faster than color helps them
Google Research: Users Love Simple and Familiar Designs,research summary,Google Research,https://research.google/blog/users-love-simple-and-familiar-designs-why-websites-need-to-make-a-great-first-impression/,,first impression; familiarity; simplicity,Website; Brand,medium,current,free,cited,Google research summary reinforcing that simple familiar designs improve first impressions,Supports using a recognizable trustworthy service-business structure,Familiarity plus simplicity helps users trust and process the page faster
Plain Language Guidelines - Audience and Words,official guidance,U.S. General Services Administration / PlainLanguage.gov,https://www.plainlanguage.gov/guidelines/audience/,,plain language; audience focus; clarity,Website; Intake; Messaging,high,current,free,cited,Official guidance to write for the audience and use words people understand quickly,Supports short direct customer-centered copy and avoiding jargon or self-focused writing,Audience-first language improves comprehension
CTA Best Practices,official guidance,Microsoft Clarity,https://clarity.microsoft.com/blog/cta-best-practices/,,CTA; conversion; UX,Website; Intake,medium,current,free,cited,Guidance emphasizing clear concise CTA wording strong action verbs and above-the-fold placement,Supports a clear service-specific CTA on the homepage,Clear concise CTAs lower friction and focus the user on the next step
How to Sell on KSL Classifieds,official help doc,KSL Classifieds,https://classifieds.ksl.com/resources/helpful-tips/how-to-sell-on-ksl-classifieds-create-a-listing-and-start-raking-in-cash,,"selling; KSL; listing workflow","KSL; Local resale",medium,current,free,cited,Official KSL help on creating listings and using the platform to sell items,Supports UtahLister's KSL-specific workflow guidance and expectations,Use platform-native listing flow rather than guessing
Welcome - Getting Started With KSL Classifieds,official help doc,KSL Classifieds,https://classifieds.ksl.com/resources/helpful-tips/welcome-getting-started-with-ksl-classifieds,,"selling; KSL; account workflow","KSL; Local resale",medium,current,free,cited,Official KSL getting-started guidance for account and listing basics,Supports UtahLister's decision to respect customer-owned account workflows,Customer accounts and listing flow should stay aligned with platform norms
Dark Commercial Patterns,official report,OECD,https://www.oecd.org/en/publications/dark-commercial-patterns_44f5e846-en.html,,dark patterns; trust; consumer protection,Website; Brand; Intake,high,current,free,cited,OECD report on deceptive design patterns and consumer harm,Supports a persuasive but non-deceptive marketing approach,Short-term manipulation can damage trust and create legal and reputation risk
UtahLister Productization Roadmap,internal memo,UtahLister,https://example.local/docs/15-utahlister-product-roadmap,,product roadmap; automation; internal tooling,Operations; Product,high,current,owned,cited,Internal roadmap for turning the service into a real product without rushing into unsafe automation,Clarifies what should and should not be automated first,Use a guided operator app before attempting fragile autoposting
Marketplace Posting Operating Model,internal memo,UtahLister,https://example.local/docs/19-marketplace-posting-operating-model,,posting; security; operations; trust,"Facebook Marketplace; KSL; Operations",high,current,owned,cited,Internal operating-model decision for seller-owned accounts and guided posting,Prevents UtahLister from launching with risky credential-sharing or misleading posting workflows,Keep customer credentials out of the normal workflow and align listings with true seller identity
Building a Strong Community Through Verified Profiles,official help doc,KSL Classifieds,https://classifieds.ksl.com/resources/helpful-tips/building-a-strong-community-through-verified-profiles,,"KSL; trust; verification","KSL; Local resale",medium,current,free,to read,KSL guidance on verified profiles as a trust feature,Supports keeping live item listings tied to the real seller account when possible,Verified identity increases buyer confidence and aligns trust with the real seller
Tips to Avoid Fraud When Using KSL Classifieds,official help doc,KSL Classifieds,https://classifieds.ksl.com/resources/helpful-tips/tips-to-avoid-fraud-when-using-ksl-classifieds,,"KSL; safety; fraud","KSL; Local resale",medium,current,free,to read,KSL safety guidance around suspicious messages payment behavior and safe transaction patterns,Supports UtahLister keeping the actual seller in control of the final buyer handoff and payment,Trust and fraud controls work better when the real owner remains the visible seller
